"","male","black","hours","age","inc_labor","works","int_id"
"42",1,0,2104,26,35376,1,4546
"55",1,0,3556,28,36448,1,4385
"56",1,0,2704,25,24312.9609375,1,1666
"57",1,0,3750,27,26800,1,5227
"607",1,1,1927,58,55744,1,3927
"637",1,0,600,29,16080,0,3443
"665",1,0,2803,43,74509.359375,1,2753
"680",1,1,1960,57,96480,1,4870
"811",1,1,2750,42,64320,1,4450
"813",1,0,2000,57,32160,1,2043
"817",1,0,2500,31,46096,1,1773
"839",1,0,2223,27,40200,1,42
"859",1,0,1823,53,77720,1,618
"892",1,0,2304,40,53868,1,1260
"975",1,0,2981,34,61640,1,4856
"1132",0,0,2352,45,77586,1,2438
"1161",1,0,2510,42,107200,1,2206
"1328",1,0,2350,46,69680,1,2204
"1431",1,0,1927,46,118134.3984375,1,3041
"1489",1,0,1960,44,31624,1,4257
"1495",0,0,1760,29,21440,1,2526
"1519",1,0,2520,56,134000,1,4800
"1604",1,0,1936,60,85760,1,4593
"1700",1,0,2000,56,58960,1,5108
"1772",1,0,2180,45,47168,1,2330
"1776",1,0,2432,42,80400,1,4482
"1787",1,0,3120,52,61961.6015625,1,1148
"1815",0,0,1926,57,50384,1,3592
"1834",1,0,2100,43,45881.6015625,1,3620
"1838",1,1,2000,42,56708.80078125,1,3576
"1844",1,0,2058,44,67418.078125,1,2458
"1858",1,0,2940,53,64320,1,261
"1929",1,0,2225,46,53600,1,4675
"1945",1,0,2596,26,50384,1,471
"2031",1,0,3120,33,29801.599609375,1,3866
"2032",1,0,2054,26,53600,1,1658
"2065",1,0,2205,27,80400,1,4311
"2096",1,0,1846,42,55867.28125,1,343
"2192",1,0,2556,39,35161.6015625,1,5005
"2209",0,0,2102,26,34840,1,4181
"2224",1,0,4368,29,37520,1,4387
"2263",1,0,1600,25,21440,1,4694
"2340",1,0,1960,59,36448,1,1486
"2355",1,0,1952,27,25829.83984375,1,1876
"2393",1,0,2060,38,53600,1,106
"2394",1,0,3244,29,24656,1,2600
"2443",1,0,2100,28,53600,1,1656
"2452",1,0,0,46,0,0,4370
"2490",0,0,963,30,12864,1,851
"2539",1,1,0,58,0,0,522
"2586",0,0,250,43,2278,0,3286
"2668",1,0,2448,36,85760,1,3209
"2695",1,0,3888,30,72896,1,2498
"2701",1,0,2060,48,112560,1,342
"2710",1,0,2949,56,33232,1,2881
"2713",1,0,2000,27,83616,1,771
"2801",1,0,3117,31,35161.6015625,1,5157
"2804",1,1,2448,42,24039.599609375,1,378
"2807",1,0,2128,28,64320,1,2758
"2839",1,0,2695,46,348400,1,737
"2882",1,0,3198,25,40896.80078125,1,693
"2888",1,0,1632,51,64320,1,2603
"2922",1,0,1098,57,91120,1,2014
"2947",1,0,2080,28,69680,1,974
"2978",0,0,250,28,1340,1,3819
"2997",1,0,2225,38,35912,1,242
"3077",1,0,2327,45,192960,1,1599
"3111",1,0,3640,48,21815.19921875,1,4651
"3127",1,0,1200,58,9648,1,1187
"3132",1,1,2448,55,31988.48046875,1,1070
"3169",1,0,2286,54,48642,1,2047
"3229",1,0,2261,48,64320,1,1413
"3304",1,0,2880,55,75576,1,1494
"3344",1,0,1990,55,107200,1,3758
"3426",0,0,2340,25,29212,1,3986
"3485",1,1,90,25,12864,0,3485
"3498",0,0,0,54,0,0,65
"3509",1,0,1200,42,24656,0,4982
"3580",1,0,2182,51,53600,1,936
"3588",1,0,3196,26,128640,1,2251
"3607",0,0,2041,60,42210,1,1804
"3676",1,0,1810,38,107200,1,1451
"3705",1,0,2100,29,68608,1,2242
"3764",1,0,2637,40,85760,1,2321
"3780",1,0,2880,36,42880,1,1481
"3789",1,0,2070,60,160800,1,2290
"3830",1,0,1976,37,75040,1,3245
"3867",1,0,4020,51,82329.6015625,1,3470
"3908",0,1,1435,51,12328,1,1644
"3936",1,0,1763,52,49848,1,2196
"3959",1,0,2780,49,50384,1,93
"3966",1,0,1680,25,39128,0,1109
"3980",1,0,2100,35,67000,1,3482
"4081",1,0,2475,26,84152,1,1471
"4116",1,0,2160,38,52260,1,2575
"4144",1,0,1778,47,49848,1,177
"4172",0,0,1808,52,9262.080078125,1,847
"4193",1,1,1864,50,18331.19921875,1,1750
"4249",1,0,1997,26,31157.6796875,1,4189
"4283",1,0,1780,31,67536,1,553
"4397",1,0,1785,33,24329.0390625,1,101
"4437",1,0,3360,53,56280,1,2521
"4453",0,0,1996,56,48240,1,1812
"4478",1,0,2700,25,46632,1,849
"4490",0,1,252,47,3065.919921875,1,4244
"4529",0,0,1353,31,20636,1,5209
"4551",0,0,1960,43,42880,1,2906
"4556",1,0,2080,26,32160,1,939
"4595",1,0,2600,45,35912,1,2795
"4597",1,0,2940,46,66003.0390625,1,2334
"4603",1,0,1824,30,45560,1,2308
"4611",0,0,2040,29,21440,1,1786
"4632",1,1,2327,46,142040,1,4855
"4693",1,0,2304,44,77720,1,3615
"4696",1,0,2470,55,46819.6015625,1,3193
"4768",1,1,3876,35,27872,1,3139
"4801",0,0,200,32,1125.59997558594,1,4231
"4842",1,0,2250,59,19574.720703125,1,4536
"4858",1,0,640,58,5306.39990234375,0,1233
"4920",1,0,3120,52,15452.8798828125,1,2854
"4967",0,0,0,49,0,0,3078
"4987",1,0,1936,56,54136,1,1029
"5082",1,0,4405,43,52008.078125,1,3157
"5121",1,0,1833,44,70752,1,2876
"5163",1,0,1692,27,33768,1,574
"5188",1,0,2646,26,61640,1,4059
"5191",1,0,1936,46,46632,1,1519
"5366",1,0,2750,39,76803.4375,1,1557
"5478",1,0,1680,59,26800,1,2091
"5689",1,0,3434,35,175272,1,5226
"5702",1,0,1873,25,45361.6796875,1,2868
"5712",1,0,1856,52,56280,1,362
"5715",0,0,1260,37,14472,1,1275
"5736",1,0,2860,26,45560,1,2164
"5743",1,0,2048,39,108272,1,2476
"5784",0,0,4076,44,40998.640625,1,1114
"5787",1,0,2120,60,41824.078125,1,2519
"5809",1,0,2380,49,85760,1,2682
"5841",1,0,2135,32,33768,1,540
"5868",1,0,770,27,17152,1,5200
"5963",1,0,2250,54,96480,1,3250
"5983",1,0,1806,27,43416,1,1470
"6011",1,0,2040,28,61640,1,4711
"6049",0,0,2064,48,23412.48046875,1,2272
"6117",1,0,4380,31,3752,1,3684
"6191",1,1,1880,56,24184.3203125,1,4218
"6286",1,0,1784,57,112560,1,3639
"6300",0,0,1935,34,64320,1,4852
"6379",0,0,1920,60,21440,1,3066
"6397",1,0,1960,39,187600,1,2454
"6479",1,0,2800,35,42997.921875,1,2162
"6483",1,0,2895,51,50920,1,3288
"6499",0,0,3060,59,77880.796875,1,4002
"6544",1,0,875,37,10720,1,1687
"6559",1,0,1540,52,69680,1,4258
"6589",1,0,2522,49,107200,1,1308
"6716",1,0,2100,43,85760,1,4052
"6815",1,1,0,52,0,0,1795
"6872",1,0,3105,33,54672,1,2793
"6883",1,0,1960,49,69680,1,3945
"6942",1,0,2500,44,58960,1,2916
"7008",1,1,1770,48,22297.599609375,1,2702
"7023",0,0,2020,34,22297.599609375,1,294
"7031",1,0,2107,38,58960,1,354
"7033",1,0,2400,50,91120,1,4308
"7088",1,0,2525,52,134000,1,2181
"7153",1,0,2500,30,112560,1,1660
"7159",1,0,680,26,13132,1,2506
"7268",0,0,1040,48,4341.60009765625,0,958
"7282",1,0,2508,45,75040,1,3751
"7333",1,0,1659,26,23605.439453125,1,436
"7385",1,0,1880,48,80400,1,1062
"7403",1,0,2610,44,84688,1,1139
"7405",1,0,1960,26,43416,1,3020
"7450",1,0,900,52,16080,1,4330
"7555",1,0,1966,33,40200,1,4999
"7585",1,0,1040,27,20368,1,2983
"7609",1,0,2021,55,51456,1,246
"7650",1,0,2250,33,53600,1,2902
"7795",1,0,2940,33,87142.8828125,1,1389
"7798",1,0,1944,26,47168,1,1223
"7800",1,0,1878,27,40200,1,5056
"7839",1,0,2818,59,134000,1,2189
"7850",1,0,3331,25,42880,1,17
"7864",0,0,261,57,1554.40002441406,0,719
"7902",1,1,2600,25,16723.19921875,1,376
"7904",1,0,2940,31,46096,1,2359
"8011",1,0,1777,47,61640,1,1499
"8035",1,0,2107,50,51134.3984375,1,671
"8148",0,0,1330,56,10452,1,2811
"8151",0,0,1638,38,40200,1,2082
"8159",1,0,2677,26,42880,1,4537
"8198",1,0,2000,31,82972.796875,0,1683
"8242",1,0,3055,25,38592,1,79
"8247",1,0,2220,30,92192,1,1158
"8400",1,0,2550,51,22914,1,3096
"8452",1,0,1760,60,126496,1,3766
"8541",1,0,2160,44,69680,1,1507
"8573",1,0,2580,25,91120,1,1175
"8591",1,0,3000,43,111220,1,3767
"8597",0,1,1960,34,18760,1,4199
"8650",1,0,2350,44,37520,1,4691
"8738",1,0,2850,28,53219.44140625,1,2195
"8741",1,0,2928,58,75040,1,5265
"8770",0,0,0,40,0,0,1832
"8772",1,0,2459,54,91120,1,3049
"8774",0,0,1998,55,45560,1,3748
"8815",0,0,535,40,80400,1,3893
"8847",1,0,1770,29,75710,1,2175
"8878",1,0,1520,26,64320,1,726
"8910",1,0,2181,40,128640,1,3266
"8972",0,0,2206,38,56280,1,4944
"8974",1,0,2430,45,131320,1,259
"8975",0,0,1991,27,50920,1,2935
"8984",1,0,2333,51,64320,1,3449
"8993",0,0,2815,31,58960,1,4420
"9021",1,0,2000,43,32545.919921875,1,5198
"9158",1,0,2300,42,92192,1,4085
"9167",1,0,1960,26,52528,1,992
"9181",1,0,1300,50,12864,1,3417
"9251",0,0,1092,25,27068,1,1355
"9296",1,0,2160,25,24763.19921875,1,2412
"9399",1,0,2500,30,107200,1,5176
"9435",0,0,2295,38,17152,1,3732
"9506",1,0,0,52,0,0,452
"9543",0,0,1360,46,21440,1,2092
"9548",0,0,0,51,0,0,581
"9553",1,0,2933,46,34663.12109375,1,3812
"9567",1,0,1920,53,53064,1,1044
"9607",1,0,2068,26,69680,1,730
"9628",1,0,2016,42,40200,1,2069
"9633",1,0,3366,25,45560,1,934
"9707",0,0,1380,58,16080,1,1513
"9752",1,0,2000,33,57888,1,3468
"9788",1,0,320,28,4824,0,2790
"9794",1,0,1400,40,18760,1,1102
"9804",1,0,2083,34,32160,1,3975
"9815",1,0,2500,43,25996,1,3018
"9828",1,0,2750,35,69680,1,3889
"9846",1,0,2296,40,67000,1,2580
"9902",1,0,4809,26,40912.87890625,1,2337
"9936",1,0,0,44,0,0,4086
"9964",1,0,2135,27,28408,1,690
"9971",1,0,3050,40,53600,1,2025
"9972",1,1,1280,29,21440,1,4123
"10001",1,0,1888,39,77184,1,1579
"10129",1,0,2095,43,112560,1,2236
"10143",1,0,2540,28,69680,1,2448
"10162",1,0,2168,27,61908,1,3409
"10208",1,0,3570,59,67536,1,3625
"10224",1,0,1980,43,32052.80078125,1,2118
"10281",1,0,2000,45,88868.796875,1,2234
"10309",1,0,2060,49,64320,1,4769
"10312",1,1,1880,42,42880,1,2838
"10315",1,0,1844,52,71100.3984375,1,1483
"10327",1,0,2573,34,88440,1,4641
"10364",1,0,2475,32,67536,1,985
"10401",1,0,2040,28,24120,1,935
"10407",0,0,1140,42,25460,1,3768
"10476",1,0,2400,52,69680,1,2239
"10500",1,0,2496,59,27872,1,2415
"10509",1,0,3087,58,13244.5595703125,1,2740
"10515",1,0,2600,35,160800,1,395
"10583",1,0,1984,30,96480,1,4640
"10626",1,0,2889,26,43952,1,1115
"10768",1,0,2295,57,64320,1,2031
"10872",1,0,2500,28,56816,1,4075
"10890",1,1,2050,26,70484,1,4514
"10921",1,0,1760,25,64320,1,1576
"10999",1,0,2580,42,86832,1,1551
"11015",0,0,2750,54,60032,1,3211
"11037",1,0,2500,30,91120,1,3021
"11064",1,0,2952,57,34304,1,1690
"11119",1,0,1340,26,36984,1,4496
"11124",0,0,1992,57,25728,1,2800
"11132",1,0,2168,46,66678.3984375,1,2514
"11142",1,0,1968,26,40200,1,3508
"11183",0,0,2117,45,40200,1,3353
"11199",1,0,2808,46,74525.4375,1,1771
"11207",1,0,2000,34,63784,1,4205
"11209",1,0,1920,27,58960,1,1783
"11241",0,1,650,32,6432,1,4595
"11247",1,0,2291,34,112560,1,1732
"11284",1,0,1920,46,96480,1,328
"11302",1,1,2670,34,34840,1,1919
"11347",1,0,2685,45,64856,1,143
"11473",1,1,1716,52,18861.83984375,1,3829
"11503",1,0,2000,56,35644,1,366
"11512",1,0,2370,26,55744,1,644
"11588",0,0,1513,49,32052.80078125,1,312
"11628",1,0,1680,51,51456,1,3650
"11805",1,1,2600,41,37520,1,5152
"11814",1,0,1960,31,93800,1,1492
"11858",1,0,2205,34,112227.6796875,1,3170
"11881",0,1,1840,38,39594.3203125,1,2678
"11896",0,0,1600,54,18224,1,879
"11994",1,0,2450,29,60166,1,2801
"12030",1,0,2236,36,80400,1,727
"12040",1,0,1960,44,43952,1,2634
"12081",0,1,2000,27,27855.919921875,1,4963
"12083",1,0,2446,31,69680,1,3656
"12084",1,0,1978,31,58960,1,728
"12119",1,0,2295,26,39690.80078125,1,4456
"12195",1,1,0,56,0,0,2323
"12226",1,0,3750,53,37520,1,1568
"12268",0,0,2226,41,64888.16015625,1,3231
"12297",1,0,2277,28,32160,1,762
"12298",1,0,2579,46,28408,1,1959
"12311",1,0,4284,55,27561.119140625,1,4130
"12341",1,0,2600,34,82544,1,2355
"12365",1,0,1730,30,52528,1,1512
"12439",1,0,1468,45,28944,1,2129
"12480",0,0,280,40,6432,1,3503
"12490",1,0,4030,52,42960.3984375,1,2064
"12503",1,0,1848,26,56280,1,4500
"12545",1,0,2750,52,129176,1,3888
"12604",0,0,1710,58,15822.7197265625,1,2662
"12645",1,0,3600,38,96480,1,3765
"12766",0,0,738,26,5520.7998046875,1,876
"12792",1,0,2056,25,36448,1,3083
"12804",1,0,1560,56,42880,1,2194
"12819",1,0,2000,25,42880,1,353
"12824",1,0,2241,32,88976,1,1511
"12883",1,0,2288,27,56280,1,551
"12895",1,0,1920,48,48776,1,313
"13090",1,0,1325,28,18904.720703125,1,5219
"13095",1,0,1780,29,32160,1,4152
"13170",1,0,2401,47,91656,1,3809
"13172",1,0,2200,25,34840,1,3716
"13200",1,0,2375,29,62444,1,361
"13251",0,0,1700,43,98088,1,1051
"13292",1,0,2160,54,147828.796875,1,4553
"13297",0,0,880,34,41808,1,1733
"13333",1,0,3138,50,48776,1,430
"13365",1,0,1720,25,16080,1,2419
"13397",1,0,2668,40,40200,1,4417
"13405",1,0,3227,30,111112.796875,1,135
"13466",1,0,3000,51,68072,1,4429
"13474",1,0,2550,38,77720,1,2548
"13481",0,0,2480,53,34840,1,171
"13497",1,0,4992,44,85760,1,1177
"13547",1,0,2000,48,33446.3984375,1,1105
"13548",1,0,2610,27,46364,1,2353
"13606",1,0,2236,42,112560,1,2463
"13624",1,0,2096,29,52849.6015625,1,3727
"13650",1,0,1984,56,48776,1,3841
"13668",1,0,2430,31,96480,1,3635
"13729",1,0,2695,46,321600,1,347
"13730",1,0,4040,57,40307.19921875,1,2711
"13753",0,0,2448,32,34304,1,196
"13821",1,0,2548,60,47436,1,2805
"13830",0,0,2080,60,18760,1,3008
"13861",1,0,2154,48,58960,1,4837
"13909",0,0,2055,59,19687.279296875,1,1283
"13983",1,0,2040,36,45024,1,2593
"14016",1,0,4160,29,24173.599609375,1,1625
"14076",0,0,2860,43,80400,1,2733
"14131",1,0,2080,26,21440,1,4182
"14230",1,0,2400,44,75040,1,2303
"14236",1,1,1968,47,42880,1,460
"14273",1,0,4212,43,60283.921875,1,1717
"14278",1,0,2080,59,36448,1,1604
"14313",1,0,2482,29,29431.759765625,1,317
"14412",1,0,2600,44,107200,1,4948
"14473",1,1,3480,29,48240,1,4779
"14480",1,0,2982,31,53600,1,1885
"14493",1,0,3153,57,65086.48046875,1,3077
"14497",1,0,2299,28,75040,1,3120
"14561",1,0,2313,43,48240,1,1655
"14623",1,0,2352,52,69680,1,3257
"14685",1,0,2880,37,51675.76171875,1,1394
"14708",1,0,1584,54,67278.71875,1,489
"14728",1,0,2136,54,95408,1,950
"14757",1,0,2875,59,6206.8798828125,1,420
"14800",0,0,1976,36,25728,1,1011
"14824",0,0,1950,57,32160,1,2489
"14837",1,0,2208,46,83080,1,1862
"14869",1,0,2468,53,115240,1,3060
"14872",1,0,1920,31,85760,1,2475
"14892",1,0,2695,46,102912,1,3035
"14921",1,0,2400,57,52206.3984375,1,334
"14928",0,0,1920,47,56280,1,451
"14946",1,0,2419,44,45560,1,4080
"15017",0,0,2000,38,24146.80078125,1,182
"15034",1,0,2340,28,48240,1,3419
"15207",0,0,0,37,0,0,3733
"15215",1,0,0,26,0,0,147
"15231",1,0,1600,51,88440,1,4791
"15318",1,0,1976,28,58960,1,1333
"15319",1,0,1887,29,85760,1,4840
"15335",0,0,0,55,0,0,1694
"15354",0,1,1600,42,9112,1,1932
"15451",1,0,2750,51,72226,1,533
"15500",0,0,1837,57,41808,1,2754
"15509",1,0,1960,44,80400,1,4869
"15512",1,0,1904,53,69680,1,2809
"15548",1,0,1220,27,20555.599609375,1,748
"15578",1,0,2295,41,134000,1,3755
"15582",1,0,2544,49,94872,1,154
"15583",1,0,2205,27,47704,1,3559
"15596",1,0,3675,55,42006.3203125,1,5085
"15653",0,1,1920,42,21440,1,3956
"15658",0,1,0,48,0,0,1022
"15751",1,0,968,56,19296,0,2048
"15755",0,0,1800,60,45560,1,1088
"15763",1,0,2496,41,38849.28125,1,1814
"15825",1,0,2184,37,117920,1,2232
"15845",1,1,2112,44,32160,1,2437
"15848",1,0,2012,36,77720,1,3770
"15856",1,0,1760,25,17446.80078125,0,2813
"15859",1,0,1800,50,43008.640625,1,3291
"15897",1,0,3880,36,106128,1,4671
"16061",1,0,2184,38,80400,1,4234
"16084",1,0,4112,27,131620.15625,1,2703
"16085",1,0,2260,27,72520.796875,1,977
"16086",1,0,2723,36,44488,1,706
"16154",1,0,2080,39,26800,1,1354
"16196",1,0,2750,44,82544,1,1634
"16206",1,1,330,44,3886,0,214
"16222",1,1,2184,49,61908,1,3397
"16232",1,0,2615,37,75040,1,2653
"16264",0,0,1560,33,42880,1,1742
"16289",0,0,2442,35,77720,1,2527
"16451",0,1,2091,55,16557.0390625,1,988
"16562",0,0,0,54,0,0,2130
"16568",1,0,2500,48,101840,1,2792
"16605",1,1,2210,25,54028.80078125,1,2686
"16632",0,1,840,40,11792,1,2385
"16676",1,0,2250,37,56076.3203125,1,1091
"16696",1,1,1520,25,42880,1,1559
"16751",1,0,2080,44,80400,1,3155
"16758",1,0,2175,45,89512,1,190
"16839",1,0,960,53,25728,1,3617
"16887",1,0,2589,32,96480,1,1202
"16927",1,0,2425,28,107033.84375,1,3624
"16963",1,0,2254,43,79365.5234375,1,3459
"16976",0,0,0,60,0,1,2434
"17020",0,0,0,59,0,0,3649
"17033",1,0,2600,30,58960,1,1041
"17035",1,0,1896,45,65392,1,2610
"17090",1,0,3048,43,39664,1,2446
"17120",1,0,2880,28,51992,1,2756
"17128",1,0,2808,45,67000,0,1353
"17167",1,0,2600,26,75040,1,46
"17172",0,1,2016,25,21440,1,186
"17181",1,0,2115,32,64320,1,149
"17292",1,0,3064,26,34840,1,4952
"17372",1,0,200,29,3752,1,1043
"17385",1,0,2000,60,38592,1,4073
"17409",1,0,2083,25,49848,1,3302
"17457",1,0,2381,33,48240,1,3843
"17472",1,0,960,55,45024,1,4789
"17476",1,0,1920,46,42880,1,4261
"17606",1,0,1960,38,59147.6015625,1,694
"17662",1,0,2100,50,75040,1,1215
"17664",1,0,0,60,0,0,5235
"17729",1,0,2400,27,69680,1,1953
"17755",1,0,1880,28,26800,1,5222
"17800",1,0,2431,33,54136,1,3570
"17806",1,0,3510,38,60112.3984375,1,98
"17812",1,1,2072,51,75040,1,2627
"17907",1,0,3443,52,34550.55859375,1,2208
"17921",1,0,3000,43,535994.625,1,3467
"17943",1,0,1950,48,32090.3203125,1,2672
"18003",1,0,2200,28,53600,1,4436
"18022",1,0,2060,27,58960,1,795
"18031",1,0,1240,42,24120,1,1060
"18190",1,0,1880,56,40200,1,2597
"18300",1,0,3000,57,67536,1,55
"18313",1,0,3670,25,53037.19921875,1,1760
"18315",1,0,2880,49,31088,1,3005
"18349",1,0,2400,30,62176,1,490
"18369",1,0,2660,31,139360,1,2646
"18479",1,0,3060,47,38232.87890625,1,1931
"18501",0,0,2250,47,43625.0390625,1,4893
"18572",1,0,2100,26,41223.76171875,1,995
"18585",1,0,4198,57,25728,1,1379
"18588",1,0,2340,26,55208,1,1562
"18654",1,0,1880,28,42880,1,695
"18680",1,0,2300,27,61640,1,3048
"18723",0,0,2048,51,45024,1,1990
"18760",1,0,3000,48,69680,1,1341
"18773",1,0,2241,28,64856,1,4679
"18829",1,0,2040,25,38592,1,2066
"18865",1,0,828,30,12939.0400390625,1,1820
"18892",1,0,2080,25,34840,1,3458
"18901",0,1,2472,28,32160,1,1071
"18937",1,0,2233,60,214400,1,4583
"18990",1,0,2750,29,80400,1,4594
"19029",1,0,2045,52,50920,1,2268
"19052",1,0,882,46,27336,1,153
"19058",1,0,2471,39,104627.203125,1,4857
"19073",1,0,2460,31,101840,1,212
"19158",1,0,3080,41,176880,1,1954
"19184",1,0,1780,40,41808,1,213
"19215",1,0,1944,38,58960,1,828
"19254",0,0,1950,52,24907.919921875,1,2453
"19289",1,0,2350,53,192960,1,1176
"19298",1,0,2190,41,53600,1,1437
"19304",1,0,2040,30,53600,1,2912
"19360",1,0,2156,48,79060,1,3980
"19365",0,0,1824,29,27336,1,2779
"19375",1,0,1880,25,53600,1,5084
"19378",1,0,2496,27,58424,1,3087
"19407",1,0,1850,48,62712,1,4365
"19413",1,0,2695,45,171520,1,4979
"19470",0,0,1928,57,28836.80078125,1,175
"19475",1,0,2600,25,42880,1,1961
"19531",1,0,3360,26,48240,1,4159
"19538",1,0,2400,32,51418.48046875,1,355
"19558",1,1,3434,35,61908,1,382
"19562",1,0,2000,44,58960,1,4095
"19579",1,1,1920,55,48240,1,1024
"19619",1,0,1880,59,53600,1,1570
"19623",1,0,1665,41,55352.71875,1,3859
"19704",1,0,3192,29,57352,1,3601
"19743",1,0,2960,40,72360,1,1928
"19769",1,0,500,41,0,1,3756
"19837",1,0,1240,60,80400,1,642
"19872",1,0,1280,53,61640,1,297
"19898",1,0,1996,47,42000.9609375,1,2739
"19928",0,0,1960,50,32160,1,4854
"19943",1,0,2517,31,22512,1,37
"19946",1,0,3120,41,128961.6015625,1,2116
"19992",0,0,2000,32,26800,1,2440
"20001",0,0,0,29,0,0,4013
"20063",1,0,2507,30,69680,1,680
"20230",1,1,2363,33,80400,1,5208
"20264",1,0,2040,46,187600,1,600
"20271",0,1,0,33,0,0,3803
"20293",1,0,2163,26,29094.080078125,1,2495
"20313",1,0,2728,35,60911.0390625,1,3447
"20456",1,0,1973,30,64320,1,941
"20499",1,0,2600,35,64320,1,2590
"20504",1,0,3944,38,49312,1,4684
"20567",1,0,960,31,16080,1,3618
"20620",1,0,3968,37,6432,1,4048
"20697",1,0,2024,25,42880,1,3726
"20708",0,0,1607,37,21279.19921875,1,4265
"20763",1,0,2000,28,38592,1,3406
"20779",1,0,1225,60,48240,1,3651
"20788",1,0,2722,38,53600,1,3939
"20801",1,0,2149,31,51992,1,2174
"20858",1,0,2080,41,42987.19921875,1,1156
"20915",1,0,2500,25,23048,1,3388
"20955",1,1,2250,38,35912,1,3683
"21059",1,0,1950,26,58960,1,2375
"21077",1,0,2180,50,60568,1,1485
"21084",1,0,1920,54,53600,1,133
"21102",1,0,2860,55,80132,1,3588
"21175",0,0,2223,30,58424,1,4124
"21198",1,0,2125,28,42344,1,2128
"21206",1,0,2091,26,39047.6015625,1,2282
"21288",1,0,1944,40,117920,1,3108
"21356",1,0,2120,43,50384,1,3613
"21374",1,0,1120,25,46632,1,3840
"21403",1,0,2420,42,61152.23828125,1,4955
"21449",1,0,1960,36,53600,1,2729
"21534",0,0,1928,43,48240,1,766
"21579",1,0,1860,45,83884,1,2728
"21583",1,0,2875,26,85760,1,1141
"21609",1,0,2047,57,64320,1,2113
"21735",1,0,800,29,53600,0,3127
"21808",0,0,0,39,0,0,1052
"21854",1,0,2112,38,40200,1,286
"21889",1,0,2550,34,21440,1,1788
"21898",1,0,2430,35,77720,1,2486
"21944",0,0,1960,44,16080,1,89
"22009",1,0,2260,28,31624,1,1094
"22072",0,0,2100,26,34706,1,1160
"22079",1,0,2380,46,241200,1,886
"22153",1,0,2500,48,107200,1,86
"22191",1,0,672,57,24656,0,796
"22247",1,0,2600,28,30016,1,4653
"22260",1,0,1806,54,64320,1,3562
"22270",1,0,4200,42,56816,1,1222
"22271",1,0,1080,52,11390,1,2911
"22281",1,0,2328,47,37520,1,1016
"22290",1,0,2235,49,77720,1,2183
"22372",1,0,2180,47,80400,1,1960
"22404",1,0,2576,48,74772,1,959
"22492",0,1,138,41,1608,0,1357
"22500",1,0,2925,29,64320,1,3808
"22544",1,1,1980,33,69680,1,4232
"22566",1,0,2160,56,70430.3984375,1,2782
"22574",1,0,2632,45,69680,1,3714
"22576",1,0,960,56,21440,1,1611
"22603",1,1,1651,29,53868,1,2171
"22615",0,0,0,29,0,0,843
"22620",1,0,2382,35,44220,1,1367
"22705",1,0,2430,25,42880,1,3627
"22728",1,0,2600,44,28408,1,1221
"22753",1,0,1993,33,16080,1,2614
"22773",1,0,2083,29,40736,1,3380
"22795",1,0,3443,35,31222,1,3270
"22806",1,0,3553,36,53600,1,1427
"22826",1,0,2020,34,48240,1,5252
"22920",0,0,1944,31,25192,1,1590
"23048",1,0,2320,34,64856,1,4131
"23141",1,0,2450,31,121136,1,3933
"23267",1,0,2020,34,35376,1,1816
"23334",1,0,1360,28,42880,1,2376
"23352",1,0,2052,30,47704,1,855
"23377",1,0,3060,26,72360,1,1756
"23427",1,0,2250,39,85760,1,2328
"23448",1,0,2000,42,56280,1,4681
"23489",0,0,1645,28,20716.400390625,1,616
"23491",1,0,2110,31,56280,1,2579
"23501",1,0,2820,53,115240,1,227
"23522",1,0,2750,45,134000,1,474
"23524",1,0,1960,41,131052,1,3752
"23567",1,0,0,60,0,0,2713
"23657",1,0,2908,29,42880,1,3180
"23679",1,0,1955,48,72360,1,2781
"23712",1,0,2744,32,55744,1,2331
"23855",1,0,1666,25,51992,1,1673
"23904",1,0,2060,37,75040,1,1134
"23917",1,0,2124,38,32696,1,1259
"23933",1,0,2184,32,36180,1,2203
"23993",1,0,3090,35,99160,1,2515
"24034",1,0,2008,27,61640,1,1170
"24103",0,0,3399,38,93264,1,3569
"24105",1,0,3187,54,147400,1,637
"24129",1,0,2261,54,76648,1,2631
"24138",1,0,2380,31,80400,1,2617
"24153",1,0,2208,49,80400,1,792
"24245",1,0,3744,29,42193.921875,1,3224
"24275",1,0,2295,26,40736,1,2604
"24292",1,0,2180,35,85760,1,943
"24293",1,1,2550,29,37520,1,2444
"24311",1,0,2282,28,42880,1,2250
"24326",1,1,600,60,8040,0,2299
"24346",1,0,2870,28,31892,1,4670
"24373",1,0,1780,45,214400,1,495
"24432",1,0,2048,54,77184,1,260
"24459",1,0,3140,41,61747.19921875,1,1280
"24541",1,0,2064,47,69680,1,2209
"24556",1,0,3120,59,94121.6015625,1,702
"24690",1,0,2420,34,112560,1,3521
"24878",1,0,2600,47,64320,1,1882
"24883",1,0,1920,49,32803.19921875,0,4
"24950",1,0,3175,35,107200,1,4057
"24954",1,0,2805,47,120600,1,493
"25054",1,0,2875,45,57711.12109375,1,797
"25078",1,0,2947,37,42880,1,1610
"25117",1,0,1960,32,61640,1,3825
"25134",0,0,360,37,4824,1,3469
"25159",1,0,2500,35,109880,1,1509
"25160",1,0,3120,31,21761.599609375,1,1480
"25164",1,0,1642,25,61640,1,1584
"25318",1,0,1934,43,67750.3984375,1,3207
"25457",1,0,2640,28,42880,1,2472
"25509",1,1,2080,25,16080,1,2305
"25599",1,0,2028,27,57432.3984375,1,2433
"25614",0,0,0,49,0,0,1097
"25620",1,1,2000,26,41808,1,4264
"25643",1,0,1828,27,37520,1,4639
"25658",1,0,1560,29,37520,1,4973
"25663",1,0,2546,49,35912,1,4545
"25668",1,0,2380,33,58960,1,1762
"25795",1,1,600,26,8576,0,5268
"25841",1,0,1920,50,85760,1,2037
"25844",1,0,1806,30,37520,1,769
"25871",1,0,2088,28,67000,1,3091
"25884",1,0,2990,30,69680,1,3600
"25885",1,0,2690,40,198320,1,831
"25955",1,0,2254,52,55476,1,3072
"25997",1,0,1783,45,80400,1,485
"26040",1,0,2352,45,136680,1,1327
"26058",1,1,2000,44,64320,1,1827
"26063",1,0,2450,51,43416,1,4431
"26064",1,0,1768,43,18760,1,2161
"26097",1,0,1858,37,60300,1,2698
"26159",1,1,2400,34,72360,1,3227
"26181",1,0,2530,25,85224,1,3206
"26184",1,0,2192,25,43416,1,5230
"26202",1,0,2340,57,37627.19921875,1,4765
"26230",1,0,2107,35,24656,1,1929
"26244",1,0,2640,43,139360,1,1552
"26285",1,0,2600,56,33768,1,3962
"26399",0,0,2448,52,41400.640625,1,157
"26528",1,0,2040,25,31945.599609375,1,4190
"26721",1,0,2805,30,42880,1,5060
"26774",1,0,3744,44,55593.921875,1,3776
"26824",1,0,1952,27,55208,1,3161
"26857",1,0,2988,25,46096,1,2576
"26930",1,0,3600,32,63248,1,2697
"26938",1,0,0,60,0,0,3004
"26963",1,0,2530,27,18760,1,1866
"27005",1,1,1880,38,32160,1,2814
"27049",0,1,0,58,0,0,179
"27080",1,0,2182,26,75040,1,1048
"27144",1,0,2550,47,87743.203125,1,1417
"27158",1,0,2428,32,49955.19921875,1,2615
"27191",1,0,2040,30,28231.119140625,1,3572
"27249",0,1,0,48,0,0,888
"27340",1,0,3128,38,43952,1,51
"27347",1,0,0,43,0,0,4585
"27401",1,0,1992,27,53600,1,3806
"27404",0,0,2000,55,41593.6015625,1,1020
"27466",0,0,1600,40,16616,1,444
"27531",1,0,4004,43,128640,1,3074
"27553",1,0,2224,52,32160,1,561
"27577",1,0,2880,53,26478.400390625,1,5251
"27627",1,0,2297,46,128640,1,3824
"27664",1,0,1952,60,34840,1,1475
"27853",1,1,2000,40,48240,1,3420
"27919",1,1,2550,35,25192,1,1787
"27979",1,0,2064,29,85760,1,569
"27999",1,0,2575,51,65928,1,2087
"28029",1,0,3084,37,16080,1,775
"28056",1,0,2000,42,77720,1,1203
"28169",1,0,2269,41,60391.12109375,1,103
"28193",0,1,880,43,6968,1,2072
"28213",1,0,2125,42,38592,1,3719
"28336",1,0,2040,28,42880,1,539
"28342",1,0,0,48,0,0,4742
"28358",1,0,2424,39,74504,1,2013
"28371",1,0,2000,33,53600,1,806
"28388",0,0,320,27,8576,0,3886
"28393",1,0,2020,49,42880,1,3046
"28405",1,0,1951,59,134000,1,4555
"28407",1,0,2080,29,53841.19921875,1,94
"28448",1,0,2476,30,51145.12109375,1,1700
"28452",1,0,2040,41,40307.19921875,1,4646
"28458",1,0,1620,57,9717.6796875,1,2861
"28498",1,0,2000,30,20368,1,4343
"28528",0,0,1400,30,37520,1,4341
"28633",0,1,2374,42,21209.51953125,1,3544
"28655",1,0,2000,30,45560,1,2996
"28662",1,0,2380,56,75040,1,243
"28669",1,0,2184,25,38592,1,287
"28671",1,0,1880,51,32433.359375,1,123
"28730",1,0,2065,32,50920,1,976
"28760",1,0,2600,34,36448,1,3612
"28767",1,0,2031,53,64320,1,3287
"28810",1,0,2880,36,32160,1,2006
"28885",1,0,2200,43,44911.44140625,1,2417
"29058",1,0,2016,53,67000,1,2651
"29073",1,0,2036,54,82544,1,3
"29107",1,0,2371,28,150080,1,3238
"29138",1,0,2400,28,44488,1,2755
"29144",1,0,920,26,18760,0,2831
"29153",0,0,832,45,4824,1,5058
"29157",1,0,3000,43,68072,1,612
"29211",1,0,4680,45,42880,1,1911
"29236",1,0,1920,54,53600,1,1335
"29275",1,0,1900,44,58960,1,1680
"29285",1,0,3356,26,43416,1,4512
"29362",1,0,2205,57,58960,1,639
"29366",1,0,5616,48,32696,1,3565
"29388",1,0,2256,29,58960,1,582
"29429",1,0,1645,51,91120,1,2388
"29437",1,0,2142,40,48240,1,997
"29440",1,0,2100,55,21440,1,1558
"29487",1,0,3840,32,124952.3203125,1,4752
"29740",1,0,1960,26,46669.51953125,1,2201
"29815",1,0,1920,44,85760,1,4340
"29960",1,1,2976,42,40055.28125,1,47
"29970",1,0,2300,51,91779.28125,1,3208
"29973",1,0,2842,26,63248,1,3847
"29996",0,0,0,58,0,0,2803
"29998",1,0,2550,48,47034,1,2075
"30008",1,0,2448,55,150080,1,2078
"30014",1,0,2890,41,69680,1,1514
"30066",1,0,2040,53,46096,1,311
"30085",1,0,3110,35,75040,1,4309
"30180",1,0,2692,30,80400,1,4638
"30187",1,0,3060,48,24950.80078125,1,1909
"30199",1,0,1575,46,34186.078125,1,2240
"30235",1,0,2504,59,64320,1,4644
"30237",1,0,3187,47,68608,1,3696
"30263",1,0,2601,27,30284,1,1000
"30275",1,0,3350,36,90584,1,316
"30319",0,1,182,37,16080,1,3725
"30340",1,0,2695,46,60819.921875,1,2451
"30346",1,0,3060,42,80400,1,2630
"30361",1,0,2025,33,91120,1,4074
"30442",1,0,2000,50,32503.0390625,1,3153
"30480",1,0,1880,49,91120,1,1181
"30519",1,0,2806,26,56816,1,1887
"30627",1,0,2040,32,104520,1,3754
"30758",1,0,2001,45,93800,1,3853
"31010",1,0,1560,52,107200,1,2238
"31026",1,0,2100,30,75040,1,2700
"31104",0,0,2491,56,32160,1,335
"31109",1,1,2268,39,78481.1171875,1,955
"31145",0,0,1680,28,16080,1,1504
"31208",1,0,2250,41,112560,1,3608
"31264",0,0,2435,36,52678.078125,1,3229
"31282",0,0,1840,40,24120,1,3698
"31330",1,0,3320,35,64748.80078125,1,2749
"31365",1,0,1928,55,96480,1,2648
"31369",1,0,2231,56,147400,1,4186
"31404",1,1,2300,28,53600,0,3686
"31422",1,0,1772,25,64320,1,1436
"31473",0,1,2250,37,34840,1,623
"31479",1,0,2578,26,85760,1,2052
"31516",1,0,2625,51,75040,1,4851
"31558",1,0,2695,26,96480,1,2383
"31646",1,0,1904,42,64320,1,573
"31673",1,0,2152,49,85760,1,615
"31761",1,0,2575,36,55036.48046875,1,3301
"31780",1,0,2384,49,41808,1,3408
"31790",1,0,2199,33,45560,1,944
"31843",1,0,2050,45,78792,1,885
"31919",1,0,2000,41,117920,1,2550
"32006",1,0,1420,43,64320,1,26
"32019",1,0,1675,60,85760,1,845
"32032",1,0,1980,54,53600,1,3178
"32037",1,0,1800,57,53064,1,1669
"32044",1,0,2300,44,69680,1,199
"32055",0,0,1800,59,50920,1,2994
"32127",1,0,2164,39,48240,1,1521
"32150",0,0,2172,41,35912,1,5278
"32154",1,0,2295,48,150080,1,397
"32162",1,0,2260,57,93800,1,846
"32225",1,0,2080,33,101840,1,2368
"32353",1,0,2467,56,75040,1,1761
"32360",1,0,2646,46,58960,0,4676
"32382",1,0,2440,26,32160,1,1818
"32434",1,0,3635,46,75040,1,1789
"32463",1,0,1560,51,28408,1,915
"32478",1,0,2352,46,101840,1,457
"32494",1,0,2008,48,75152.5625,1,2367
"32588",1,0,2178,35,78792,1,2369
"32604",1,0,2600,37,65928,1,2877
"32641",1,0,3096,26,39128,1,2663
"32651",1,0,2300,35,46980.3984375,1,183
"32663",1,0,2378,27,41808,1,3255
"32664",1,0,1860,31,61640,1,1045
"32678",1,0,2390,37,71288,1,1904
"32688",1,0,1880,49,58960,1,3731
"32705",1,0,2304,53,47168,1,1792
"32738",0,0,2000,47,62417.19921875,1,2523
"32765",1,0,2045,26,56322.87890625,1,84
"32789",1,0,2750,26,127032,1,4880
"32855",1,0,2433,43,76246,1,3724
"32895",1,0,2307,47,92899.5234375,1,2361
"32966",1,0,2585,25,67000,1,4806
"32968",1,0,2025,47,53600,1,374
"32982",1,0,2218,48,34840,1,2351
"33023",1,1,1865,32,41138,1,3056
"33068",0,1,1720,45,29480,1,1023
"33085",1,0,2500,32,64320,1,188
"33162",0,0,3010,35,72360,1,2502
"33168",1,0,1176,37,24012.80078125,1,1780
"33182",1,0,0,54,0,0,1061
"33199",1,0,2586,27,64320,1,3722
"33235",1,0,2340,29,38431.19921875,1,3016
"33255",1,0,2080,58,58960,1,475
"33280",1,0,1400,44,48240,1,4225
"33296",1,0,1950,57,64320,1,904
"33342",1,0,2710,29,43416,1,2589
"33361",1,0,1840,44,40736,1,4185
"33364",1,1,2040,34,33232,1,4049
"33428",1,0,2960,52,80400,1,1863
"33463",0,0,1760,29,54672,1,910
"33482",1,0,0,60,0,0,4028
"33610",1,0,880,60,16808.9609375,1,2356
"33634",1,0,2000,54,51456,1,4440
"33635",1,0,2400,46,80400,1,1962
"33644",1,0,2142,40,91120,1,3030
"33662",1,0,1750,30,87368,1,1028
"33733",1,0,2231,46,123280,1,3892
"33759",1,0,0,52,0,0,4873
"33773",1,0,2193,26,53600,1,2806
"33786",1,0,3247,27,42965.76171875,1,3828
"33875",1,0,1380,26,80400,1,3807
"33886",0,0,2156,59,53600,1,1609
"33898",1,0,2743,38,31088,1,270
"33908",1,0,3070,27,34250.3984375,1,1123
"34065",1,0,2504,36,42542.3203125,1,2516
"34115",1,0,2499,29,34840,1,2188
"34133",1,0,3352,56,26800,1,2029
"34140",1,0,1776,51,26800,1,21
"34145",1,0,2120,44,41272,1,2365
"34155",1,0,1980,36,53600,1,3461
"34177",0,0,1480,57,46096,1,4332
"34187",1,0,3579,28,58960,1,793
"34219",1,0,2573,40,64320,1,3476
"34224",1,1,1504,60,19939.19921875,1,2398
"34228",1,0,2528,33,80400,1,1836
"34277",0,0,640,60,17634.400390625,0,5225
"34314",0,0,2950,52,29940.9609375,1,284
"34418",1,1,2420,53,53600,1,3014
"34425",1,0,3770,27,58064.87890625,1,2012
"34427",1,0,1960,25,69412,1,1496
"34461",1,0,1704,39,98366.71875,1,4473
"34504",1,0,2056,37,48240,1,1930
"34625",1,0,840,54,29480,1,2736
"34679",1,1,2000,32,34840,1,4942
"34687",1,0,3374,37,107200,1,3606
"34708",1,0,880,25,13400,0,3580
"34813",1,1,2168,56,45854.80078125,1,1206
"34917",1,0,2454,36,49312,1,1476
"35006",1,0,2080,32,46632,0,1815
"35031",1,0,2970,58,84018,1,1188
"35054",0,0,2000,32,26515.919921875,1,2864
"35080",1,0,2084,48,69680,1,1384
"35099",1,0,1200,31,30016,1,3976
"35163",0,0,1840,41,42880,1,2306
"35272",1,0,1800,60,55744,1,1569
"35282",1,0,2625,25,46015.6015625,1,2894
"35315",1,0,1880,45,128640,1,2655
"35422",1,0,4170,30,31865.19921875,1,4652
"35447",0,1,2024,30,18760,1,4243
"35467",0,0,2069,25,28140,1,2286
"35493",1,0,1323,40,41808,1,2808
"35536",0,0,2912,25,24656,1,1383
"35559",1,0,3500,58,65392,1,3655
"35593",1,0,2000,38,37637.921875,1,2377
"35608",1,0,3960,30,101840,1,3399
"35620",0,0,2053,26,22699.599609375,1,3414
"35628",1,0,2200,37,75040,1,3171
"35685",1,0,2620,36,128640,1,2391
"35687",1,1,2080,58,33446.3984375,1,2513
"35690",1,1,1100,50,11792,0,5001
"35707",1,0,0,57,0,0,4584
"35711",1,0,1960,29,58960,1,4913
"35744",0,0,1880,49,42880,1,4293
"35750",1,0,1800,41,109424.3984375,1,1573
"35776",0,0,2056,38,67000,1,3317
"35888",1,0,2901,39,56280,1,4262
"35957",1,0,2350,57,230480,1,2370
"35997",1,0,1980,50,70752,1,4562
"36068",1,0,3200,43,106771.203125,1,3350
"36093",1,0,3166,46,61548.87890625,1,4745
"36111",1,0,2183,45,117920,1,2524
"36122",1,0,1992,42,43952,1,2827
"36179",1,0,2022,26,64320,1,1005
"36292",0,0,0,54,0,0,1058
"36301",1,0,1984,43,61640,1,1220
"36367",1,1,1520,39,61640,1,1218
"36408",1,1,1940,51,42880,1,4520
"36422",1,0,2519,25,55208,1,1090
"36565",0,0,1998,53,48240,1,2652
"36576",1,0,1600,50,64320,1,3398
"36659",0,0,0,39,0,0,4833
"36674",1,0,2465,39,57218,1,1825
"36686",1,0,1990,29,41808,1,682
"36737",0,0,0,36,0,1,3349
"36758",1,0,2700,25,31088,1,3237
"36797",1,0,2550,35,107200,1,2237
"36894",1,0,2194,48,96480,1,721
"36950",1,0,2184,54,91613.1171875,1,1248
"36978",1,0,3500,26,53600,1,3586
"37023",0,0,0,46,0,0,1626
"37145",1,0,2106,25,36984,1,124
"37179",0,0,1040,58,6968,1,4447
"37188",0,0,0,59,0,0,1868
"37222",1,0,3280,40,81900.796875,1,3015
"37228",1,0,1300,25,45560,0,5122
"37287",1,0,1965,29,55744,1,4580
"37362",1,0,2074,39,67000,1,524
"37455",1,0,2709,25,80400,1,4133
"37473",1,1,3120,60,10720,1,380
"37520",1,0,3172,45,104284.15625,1,767
"37631",0,0,1960,37,53600,1,2735
"37650",1,0,2000,49,42880,1,3292
"37668",1,0,0,59,0,0,629
"37671",1,0,2730,51,43201.6015625,1,2582
"37684",1,0,2515,44,34840,1,1908
"37732",1,0,1920,39,64320,1,3471
"37762",1,0,2160,25,55261.6015625,1,4010
"37769",1,0,3120,31,166.160003662109,1,4303
"37806",1,0,1894,54,47221.6015625,1,314
"37811",1,0,1980,36,58960,1,2190
"37864",1,0,2600,54,27893.439453125,1,2773
"37885",1,0,1600,29,45024,1,1639
"37888",1,0,2000,30,58960,1,2707
"37901",1,0,1250,28,18760,1,3071
"37934",1,0,1720,50,53600,1,2536
"37935",1,0,2000,38,26800,1,1261
"37952",1,0,1690,44,21145.19921875,1,4751
"37977",1,0,2048,25,57716.48046875,1,1661
"37993",1,0,2640,48,93800,1,3481
"38012",1,0,2975,40,76648,1,1473
"38079",0,0,2036,41,34840,1,3407
"38087",0,0,450,52,5360,1,2186
"38172",1,0,2813,29,85760,1,4432
"38206",1,0,2167,27,36984,1,638
"38229",0,0,1140,40,3087.36010742188,1,2327
"38230",1,0,1400,60,56280,1,2077
"38252",1,0,3600,28,82828.078125,1,3073
"38296",0,0,0,38,0,0,2152
"38312",1,0,1920,34,45560,1,949
"38315",1,0,2573,46,123280,1,1018
"38330",1,0,2205,38,214400,1,1502
"38349",0,0,1750,59,19081.599609375,1,4157
"38385",1,0,2000,37,36448,1,2905
"38412",1,0,2050,34,42880,1,422
"38581",1,1,1079,29,14793.599609375,1,4764
"38591",1,0,2010,40,67889.7578125,1,330
"38603",1,0,2530,35,160800,1,5076
"38617",1,0,2327,59,24725.6796875,1,1410
"38657",1,0,3208,33,85760,1,811
"38693",1,0,2064,50,58960,1,4089
"38729",1,0,3896,39,88584.71875,1,3622
"38775",1,0,3500,37,134000,1,4136
"38788",1,0,2703,53,28681.359375,1,801
"38795",0,1,0,25,0,0,4777
"38830",1,0,2761,50,105458,1,2762
"38851",0,0,20,27,268,0,209
"38877",1,0,2750,43,74504,1,4703
"38891",1,0,3250,46,115240,1,264
"38900",1,0,1827,56,71020,1,3708
"38954",1,0,2160,49,428800,1,1865
"38960",1,0,2158,48,91120,1,1004
"38990",1,0,2591,27,97230.3984375,1,688
"39004",1,0,2340,35,96480,1,4803
"39058",1,0,3500,30,48240,1,5166
"39076",1,1,1984,37,21397.119140625,1,986
"39083",1,0,2304,28,46364,1,584
"39091",1,0,2077,32,85760,1,3134
"39104",1,1,2446,45,76648,1,3279
"39157",1,0,2200,35,62712,1,3189
"39183",1,1,0,52,0,0,2216
"39184",1,0,1000,26,0,1,219
"39190",1,0,2400,39,199392,1,4068
"39198",1,0,1000,26,80400,1,763
"39201",1,0,3058,31,48240,1,2030
"39253",1,0,3380,44,96480,1,4962
"39295",1,1,2460,58,31088,1,4242
"39351",1,1,2288,49,69680,1,2215
"39369",1,0,1932,29,48240,1,1461
"39397",1,0,0,34,0,0,3275
"39408",1,0,2000,48,67000,1,1642
"39460",1,0,3910,31,32160,1,4041
"39514",1,0,2100,25,37788,1,3963
"39538",1,0,2750,33,80400,1,146
"39565",0,1,0,60,0,0,602
"39589",1,0,1935,36,57352,1,2921
"39769",0,0,1001,28,61640,1,3760
"39776",1,0,1560,44,10720,1,2796
"39936",1,0,702,52,4180.7998046875,1,274
"40002",1,0,2575,55,29678.3203125,1,5190
"40016",1,0,3728,27,31211.279296875,1,1751
"40084",1,0,2075,39,70752,1,1633
"40212",1,1,2880,39,27872,1,3019
"40245",1,0,1913,33,51456,1,1001
"40275",1,0,1600,54,80400,0,3530
"40315",1,0,1968,30,56280,1,2450
"40375",1,0,2150,25,26800,1,1782
"40376",1,0,2140,27,35912,1,691
"40441",1,0,1461,35,91120,1,2665
"40459",1,0,1896,39,88440,1,1219
"40501",1,0,4368,36,53600,1,4026
"40598",0,0,1960,51,38056,1,1207
"40658",0,0,2031,26,37412.80078125,1,442
"40751",1,0,2404,25,64320,1,4134
"40752",1,0,2450,29,80437.5234375,1,541
"40790",1,0,1840,54,90048,1,3144
"40842",1,0,3692,37,57620,1,4301
"40864",1,0,1645,42,99160,1,1155
"40881",1,0,2550,32,27872,1,2598
"40923",1,0,2205,30,43072.9609375,1,4036
"40993",1,0,1992,26,24120,1,1382
"41052",1,0,1680,58,0,1,2725
"41093",0,0,0,58,0,0,1869
"41130",1,0,2200,31,75040,1,686
"41231",1,0,2184,42,63767.921875,1,652
"41245",1,0,1900,60,93800,1,4680
"41249",1,0,2205,41,91656,1,2485
"41294",0,0,2000,57,55744,1,423
"41323",1,1,2000,39,26800,1,5099
"41365",1,0,3060,37,101840,1,2608
"41376",1,0,2080,25,42880,1,208
"41386",0,0,2288,49,19296,1,2439
"41409",1,0,3675,43,59881.921875,1,3007
"41441",1,0,2252,51,80400,1,3590
"41455",1,0,2000,42,64320,1,3381
"41465",1,1,1912,28,46632,1,4483
"41467",1,0,2024,36,57512.80078125,1,768
"41544",1,1,3888,45,69144,1,1269
"41652",1,0,2640,53,85760,1,2270
"41700",1,0,2860,28,57352,1,4927
"41752",1,1,1800,26,45560,1,961
"41785",1,0,2277,28,57191.19921875,1,4132
"41882",1,0,800,50,32160,1,3543
"41900",1,0,1984,26,53600,1,3101
"41919",1,0,2000,44,91120,1,4194
"42010",1,0,2150,34,62551.19921875,1,4226
"42019",1,0,2250,26,53600,1,1632
"42049",1,0,2600,39,80400,1,4241
"42129",0,1,2093,36,20904,1,5020
"42153",1,0,4115,39,42708.48046875,1,3629
"42211",1,0,2000,43,48240,1,4879
"42262",1,1,3009,25,18760,1,4408
"42294",1,0,2000,59,37520,1,3415
"42326",1,0,2500,27,32160,1,4302
"42338",1,0,2000,49,160800,1,1191
"42344",1,0,1715,51,160800,1,2405
"42422",1,0,2815,25,53600,1,2727
"42424",1,0,2241,44,63419.51953125,1,282
"42454",1,0,2092,25,59496,1,3290
"42491",1,0,2160,51,64320,1,3757
"42492",1,0,2605,44,107200,1,2233
"42525",1,0,2304,50,75040,1,3285
"42608",1,0,2660,34,90048,1,4743
"42614",1,0,2040,25,35912,1,3844
"42622",1,0,2304,55,101840,1,511
"42631",1,0,2700,43,294800,1,399
"42672",1,0,1880,52,150080,1,3645
"42684",1,0,2694,40,58960,1,1066
"42770",0,0,3000,52,50330.3984375,1,3633
"42781",1,0,2000,41,26800,1,2595
"42826",1,0,3000,45,49044,1,2605
"42919",1,0,2024,25,53760.80078125,1,3721
"42922",1,0,2695,50,117920,1,4625
"42941",1,0,0,53,0,0,3504
"42982",1,0,2401,36,15758.400390625,1,1917
"43110",1,0,3796,51,84773.7578125,1,2602
"43161",1,0,2892,25,57727.19921875,1,105
"43227",1,0,2397,31,63784,1,379
"43265",1,0,0,32,0,0,1714
"43297",1,0,1984,55,128640,1,2556
"43330",0,0,0,52,0,0,2477
"43386",0,0,1786,51,27872,1,2088
"43391",1,0,3640,49,31195.19921875,1,4519
"43399",1,0,1920,35,67000,1,4582
"43401",1,0,2490,29,37841.6015625,1,2178
"43441",1,0,2236,41,49006.48046875,1,448
"43444",1,1,2115,41,26800,1,805
"43475",1,0,2272,43,54216.3984375,1,2559
"43516",1,0,1978,46,58960,1,1636
"43577",1,0,4284,25,24881.119140625,1,2802
"43656",1,0,2250,39,38592,1,857
"43671",1,0,2328,46,58960,1,3739
"43744",1,0,2062,52,40200,1,761
"43790",1,0,1860,28,18224,1,1178
"43800",1,0,1220,27,22512,0,2
"43806",1,0,1958,48,72360,1,2565
"43819",0,0,2000,45,39128,1,3167
"43900",1,0,2091,45,139360,1,1047
"43927",1,0,2280,34,80400,1,2452
"43946",1,0,2720,55,90407.1171875,1,2284
"44013",1,0,3449,42,25829.83984375,1,3294
"44023",1,0,3120,47,23101.599609375,1,4386
"44061",1,0,2304,54,69680,1,3528
"44102",1,0,2250,60,18090,1,22
"44161",1,0,5345,39,67670,1,4078
"44280",1,0,2402,49,64320,1,292
"44319",1,0,2520,37,50250,1,1113
"44345",1,0,1960,51,53600,1,4388
"44407",0,0,60,60,530.640014648438,0,1719
"44525",1,0,2159,45,91393.359375,1,4149
"44531",1,0,2816,27,80400,1,3241
"44533",1,0,2400,30,64320,1,744
"44580",1,0,2016,40,93800,1,2558
"44663",0,0,347,46,6968,1,613
"44766",1,0,1806,40,96480,1,1042
"44808",1,0,1920,53,53600,1,2613
"44819",1,0,3570,25,49338.80078125,1,3152
"44870",1,0,2040,26,46031.6796875,1,2146
"44887",1,0,2068,59,80400,1,1414
"44907",1,1,2080,27,40200,1,383
"44925",1,0,2304,51,50920,1,1314
"44941",1,0,2830,56,107200,1,3034
"44974",1,0,2052,49,77720,1,672
"44979",1,0,4182,52,48727.76171875,1,3010
"45008",0,0,1944,50,38056,1,884
"45047",1,0,1632,32,17688,1,3981
"45074",1,0,3666,30,64320,1,1161
"45082",1,0,2080,37,71636.3984375,1,5119
"45092",0,0,1504,26,18760,1,2039
"45140",1,0,3000,40,35376,1,1754
"45160",1,0,840,48,5896,1,916
"45171",1,0,2304,27,43952,1,3059
"45213",1,0,2048,32,53600,1,3126
"45219",1,0,2000,56,47017.921875,1,2349
"45264",1,0,0,59,0,0,772
"45283",1,0,2056,25,26800,1,1592
"45292",1,0,2630,38,80400,1,1268
"45305",1,0,1240,60,15383.2001953125,0,2882
"45339",1,0,1763,47,32428,1,4947
"45375",1,0,1760,26,33232,1,3348
"45404",1,0,2040,28,55744,1,273
"45418",1,0,2350,25,64320,1,3480
"45430",0,0,1664,59,9112,1,3466
"45441",1,0,2200,43,101840,1,641
"45530",1,0,1944,46,72896,1,1006
"45556",1,0,1920,55,80936,1,3103
"45601",0,0,2205,56,42880,1,2552
"45675",1,0,1300,41,49848,1,1775
"45678",1,0,2874,27,61104,1,113
"45687",0,0,1968,31,40200,1,3090
"45865",1,0,3530,33,67000,1,3552
"45913",1,0,1770,32,61104,1,3759
"45920",1,0,2264,44,64320,1,530
"45929",1,0,2256,36,45024,1,956
"45933",1,0,1896,60,45560,1,2873
"45935",1,0,1200,25,18760,1,2389
"45940",1,0,2100,35,107200,1,61
"45956",1,0,2120,30,39020.80078125,1,4121
"45969",0,0,2008,48,20904,1,777
"45993",1,0,2860,43,58960,1,1933
"46000",1,0,875,31,48240,0,2616
"46013",1,0,1904,54,48508,1,2210
"46069",1,0,1960,37,83080,1,4437
"46072",1,0,2020,29,45024,1,2621
"46095",1,0,1410,59,19858.80078125,1,1386
"46115",1,0,2070,47,75040,1,525
"46118",1,0,1280,51,33232,1,970
"46126",1,0,2220,36,96748,1,891
"46151",1,0,2924,25,51456,1,5257
"46162",1,0,1625,45,36517.6796875,1,2445
"46175",1,0,2992,46,68452.5625,1,2761
"46196",1,0,1576,26,35536.80078125,1,4981
"46257",0,0,520,25,5145.60009765625,1,4881
"46335",1,1,2080,37,42880,1,3053
"46362",1,0,2080,25,49848,1,1524
"46410",0,0,1913,48,23584,1,4253
"46412",1,1,2070,41,80400,1,1391
"46421",0,0,24,39,268,0,2058
"46422",0,0,2000,47,37520,1,2997
"46469",1,0,2540,35,85760,1,906
"46492",1,0,2860,31,53600,1,723
"46527",1,0,2942,35,65928,1,3194
"46555",1,0,1632,48,38592,1,3667
"46622",1,0,1926,25,26800,1,3800
"46674",0,0,1803,38,24120,1,5064
"46682",1,0,1920,43,56280,1,1934
"46740",0,0,2020,26,44488,1,3520
"46764",1,0,2550,33,96480,1,2693
"46765",1,0,2205,40,48240,1,1340
"46794",1,0,3725,26,73024.640625,1,4088
"46834",1,0,2652,37,128640,1,107
"46870",1,0,2680,43,84044.796875,1,3753
"46880",1,0,4020,40,89297.6015625,1,2972
"46896",1,0,3380,26,214400,1,1199
"46907",0,1,600,49,3752,0,4407
"46935",1,0,2576,36,69358.3984375,1,5063
"46945",1,0,2265,51,82008,1,2955
"46955",0,0,1946,56,43271.28125,1,3352
"46980",1,1,1840,25,16080,1,4588
"47014",1,0,2047,45,53594.640625,1,3121
"47017",1,0,3000,30,34995.44140625,1,4051
"47061",1,0,1480,28,29480,1,4109
"47117",1,0,3366,35,37160.87890625,1,2387
"47142",0,0,1984,53,26853.599609375,1,576
"47176",1,0,2115,54,67000,1,604
"47177",1,0,2500,47,90048,1,491
"47204",1,0,4680,34,27684.400390625,1,5129
"47259",1,0,0,55,0,0,4435
"47297",1,0,2080,36,38940.3984375,1,240
"47371",1,0,1992,48,64320,1,3105
"47465",1,1,0,59,0,0,4542
"47624",1,0,2550,29,48240,1,1313
"47639",1,1,2048,34,21440,1,4526
"47677",1,0,1960,53,105377.6015625,1,2406
"47692",1,0,3525,49,85127.5234375,1,1320
"47695",0,0,1837,47,34304,1,1840
"47768",1,0,1840,49,58960,1,4286
"47796",1,0,1944,45,53600,1,2325
"47904",0,0,0,60,0,0,2352
"47936",1,0,2440,40,99160,1,4648
"47976",1,1,1260,54,39664,1,4704
"48065",0,0,1974,52,89512,1,117
"48070",1,1,2000,40,29480,1,5098
"48100",0,1,0,40,0,0,2848
"48102",0,0,1976,47,27003.6796875,1,601
"48182",1,0,2390,26,87046.3984375,1,2656
"48186",1,0,2016,42,80400,1,4647
"48371",1,0,1384,27,16080,1,1740
"48377",1,0,2000,25,64320,1,3614
"48433",1,0,2430,45,91120,1,809
"48458",1,0,1640,25,27952.400390625,1,4946
"48472",1,0,1960,39,67000,1,4591
"48548",1,0,1787,49,65954.796875,1,3198
"48595",1,0,1980,45,45506.3984375,1,3017
"48619",0,0,1680,57,10720,1,4094
"48637",1,0,1530,41,53600,1,803
"48663",1,0,1953,56,76380,1,1249
"48682",0,0,0,45,0,0,4064
"48712",1,0,1920,51,80400,1,3704
"48724",0,1,0,44,0,0,178
"48749",1,0,2307,33,80132,1,1116
"48777",1,0,2205,29,88976,1,4778
"48865",1,0,3403,39,45779.76171875,1,3276
"48913",1,0,2304,39,80400,1,2384
"48935",1,0,2340,59,13212.400390625,1,1915
"48947",1,0,3096,58,5360,1,3810
"48974",1,0,3000,30,64320,1,4177
"49061",0,0,2933,25,49312,1,4079
"49130",1,0,2000,46,39128,0,2553
"49156",1,0,400,46,5896,0,3591
"49159",0,0,1080,54,1447.19995117188,0,5188
"49166",1,0,2955,50,96480,1,1884
"49235",1,0,1240,56,31597.19921875,1,705
"49300",1,0,2020,60,39664,1,2975
"49361",1,0,1320,37,37520,1,1012
"49394",0,0,1888,25,18760,1,2503
"49448",1,0,2250,51,64320,1,2642
"49492",1,0,1920,30,56280,1,1581
"49494",1,0,1984,49,75040,1,765
"49508",1,0,2805,28,64320,1,138
"49535",1,0,4263,45,51622.16015625,1,4481
"49561",1,0,2060,36,64320,1,2056
"49667",1,0,1660,56,75013.203125,1,860
"49708",0,0,1176,54,3859.19995117188,1,3141
"49709",1,0,2325,58,85760,1,2462
"49725",1,0,2100,27,61104,1,3911
"49785",1,0,2325,25,52260,1,1886
"49832",1,0,1947,44,62176,1,3150
"49850",1,0,2940,32,134000,1,1046
"49974",1,0,2050,46,58960,1,2949
"49980",1,0,2080,41,48776,1,1374
"50031",0,0,1610,57,27094.80078125,1,2428
"50068",1,0,1040,53,17152,1,1208
"50081",1,0,2759,30,85111.4375,1,1388
"50110",1,0,2750,33,63650,1,3210
"50118",1,0,2946,28,77398.3984375,1,2484
"50176",1,1,1600,42,29480,1,758
"50264",1,0,1960,26,42880,1,3593
"50270",1,0,1376,27,24961.51953125,0,5171
"50273",1,0,2880,50,64320,0,2917
"50292",1,0,2480,35,101840,1,1174
"50295",0,0,2080,38,20100,1,3842
"50321",1,0,2450,40,72896,1,59
"50336",1,0,2040,32,32160,1,52
"50346",1,0,0,58,0,0,1838
"50401",1,1,3570,27,67000,1,909
"50429",1,0,2505,33,40736,1,2904
"50430",1,0,2184,25,25728,1,1281
"50553",1,1,1920,35,75040,1,2249
"50570",1,0,2080,28,36984,1,2153
"50600",1,1,1968,25,31983.119140625,1,1262
"50646",1,0,2151,43,82008,1,1121
"50657",1,0,2710,28,56960.71875,1,2914
"50674",1,0,0,54,0,0,3075
"50700",1,0,2400,39,268000,1,1582
"50907",1,0,2350,26,54672,1,3332
"50922",1,0,3120,40,40521.6015625,1,3699
"51024",1,0,2860,27,67000,1,1438
"51048",1,0,2508,57,60568,1,498
"51049",1,0,1990,43,70752,1,804
"51061",1,0,2850,25,49848,1,4042
"51092",1,0,2235,41,57486,1,1212
"51100",1,0,2040,52,90905.6015625,1,1613
"51116",1,0,2205,29,39128,1,4455
"51143",1,0,250,32,5360,1,2786
"51258",1,0,1897,44,63248,1,3547
"51279",1,0,2000,27,53600,1,3817
"51326",1,0,3364,26,67000,1,5121
"51337",1,0,2654,37,49504.9609375,1,4209
"51370",1,0,1813,53,64320,1,487
"51408",1,0,2040,59,24120,1,940
"51434",1,0,2080,26,56280,1,1332
"51437",0,1,0,45,0,0,1739
"51446",1,0,3240,40,107200,1,2156
"51492",1,0,2592,54,71288,1,2974
"51507",1,0,2732,41,72311.7578125,1,3011
"51521",1,0,1946,26,69680,1,1463
"51562",1,0,1295,50,42880,1,2390
"51608",1,0,2548,46,31007.599609375,1,579
"51693",1,0,2610,40,53717.921875,1,363
"51694",1,0,2100,45,36448,1,1623
"51706",1,0,2550,42,219760,1,980
"51710",1,0,2206,37,117920,1,1273
"51722",1,0,2833,46,42429.76171875,1,344
"51727",1,0,2500,43,67000,1,556
"51772",1,0,1920,32,32160,1,1918
"51808",1,0,2064,56,75040,1,2478
"51817",1,1,2184,25,53600,1,3637
"51861",1,0,1395,51,40200,1,937
"51868",1,0,2256,54,81686.3984375,1,725
"51898",1,0,2205,52,113632,1,3312
"51939",1,1,3960,51,102644,1,1196
"51980",1,0,3570,56,20287.599609375,1,2797
"52086",1,0,1880,60,63676.80078125,1,1577
"52101",1,0,3250,47,124352,1,4926
"52102",1,0,1440,48,38265.0390625,1,3845
"52169",1,0,2160,57,69680,1,1889
"52208",1,0,2728,36,70752,1,3636
"52251",1,0,1978,49,48776,1,3365
"52266",1,0,2250,39,43952,1,197
"52285",1,0,1470,37,69304.796875,1,1839
"52293",1,0,2703,52,93800,1,1319
"52295",1,0,1600,53,19510.400390625,1,4919
"52335",0,0,2072,31,33199.83984375,1,2304
"52342",1,0,2232,46,48240,1,3701
"52388",1,0,2295,50,64320,1,2145
"52399",1,0,1202,37,85760,1,1343
"52435",0,0,1560,35,75040,1,4835
"52475",1,0,2176,45,58960,1,473
"52500",1,0,2000,32,64320,1,869
"52508",1,0,1837,44,107200,1,4368
"52513",1,0,3127,51,82533.28125,1,2664
"52533",0,1,0,55,0,0,780
"52539",1,0,2590,28,64320,1,3107
"52649",1,0,2040,42,30016,1,5260
"52675",0,1,0,58,0,0,4345
"52719",1,0,1425,28,30016,1,3880
"52798",1,1,2400,36,38592,1,4882
"52869",1,0,2524,43,58960,1,2649
"52919",1,0,2548,47,48240,1,3345
"52922",1,0,0,57,0,0,603
"52925",1,0,3575,51,175406,1,4250
"52943",1,0,2480,45,64320,1,979
"52961",1,0,2084,32,67000,1,2341
"53028",0,0,1820,55,16348,1,57
"53050",1,0,2104,60,16080,1,368
"53056",1,0,1920,34,53600,1,449
"53067",1,0,1960,41,68983.203125,1,952
"53081",1,0,2500,26,38860,1,3484
"53089",1,0,1956,46,72569.0390625,1,2371
"53112",1,0,2460,25,50920,1,4984
"53212",1,0,2588,26,54136,1,2951
"53334",1,0,4899,30,85760,1,782
"53362",1,0,1920,42,75040,1,4277
"53408",1,0,4040,44,47693.28125,1,2799
"53422",1,0,1360,32,30444.80078125,1,3202
"53424",0,1,1480,39,46267.51953125,1,2457
"53482",1,0,2887,25,42880,1,1164
"53524",1,0,2400,26,57888,1,4627
"53658",1,0,1960,53,58424,1,184
"53659",1,1,2805,57,39680.078125,1,1942
"53666",1,0,1960,51,31570.400390625,1,1628
"53695",1,0,2068,56,52528,1,2832
"53704",1,0,1295,46,75040,1,2386
"53768",1,0,2295,44,42880,1,3165
"53774",1,0,1952,55,62176,1,1440
"53810",1,0,3315,42,402000,1,4928
"53836",0,1,1904,42,53600,1,1841
"53854",0,1,120,34,1072,0,377
"53928",1,0,1952,44,49258.3984375,1,3949
"53965",1,0,1261,59,47570,0,2302
"53979",1,1,2048,33,56280,1,5124
"53985",1,0,2070,29,75040,1,49
"54021",1,0,1960,45,107200,1,4633
"54031",1,0,1400,54,40200,0,2528
"54046",1,0,4040,59,53600,0,1013
"54100",1,0,2852,27,46900,1,1764
"54128",1,0,1872,45,64320,1,953
"54151",1,0,2160,45,58960,1,2054
"54159",1,0,3224,36,37520,1,779
"54188",1,0,1920,39,51456,1,2628
"54194",1,0,260,25,1608,0,2673
"54361",1,0,2255,26,60568,1,2731
"54374",1,0,2008,52,61318.3984375,1,2049
"54381",1,0,2280,31,53600,1,3854
"54446",0,1,0,32,0,0,3219
"54504",0,0,2510,26,34250.3984375,1,4266
"54578",1,0,3443,39,64320,1,5059
"54587",0,0,780,41,4234.39990234375,0,4072
"54594",1,1,3380,60,26264,1,759
"54658",1,0,2483,46,51992,1,1411
"54713",1,0,1940,48,67000,1,331
"54728",1,0,2138,52,64320,1,3093
"54759",1,0,2097,33,60032,1,2560
"54765",1,1,2040,51,16080,1,3300
"54783",0,0,1984,30,48240,1,4344
"54803",1,0,2677,34,63382,1,1373
"54882",1,0,2625,45,85760,1,4193
"54930",1,0,4120,29,21440,1,4750
"55015",1,0,1776,51,56280,1,4424
"55082",1,0,2591,27,24838.240234375,1,4729
"55097",1,0,3250,30,156110,1,3551
"55127",1,1,1600,46,75040,1,4098
"55232",1,0,2254,29,67000,1,3871
"55244",1,1,3120,36,42880,1,578
"55321",1,0,2403,53,71025.359375,1,2044
"55336",1,0,1750,41,321600,1,4069
"55450",1,0,2406,44,87368,1,2435
"55527",0,1,0,51,0,0,44
"55529",1,0,2560,42,144720,1,3097
"55557",0,0,1980,36,41540,1,1603
"55665",0,0,2999,45,34454.078125,1,3545
"55680",0,0,2464,29,38592,1,3750
"55711",1,0,3279,27,102912,1,1845
"55780",1,0,2250,54,64320,1,3630
"55799",1,0,1640,27,32160,1,166
"55829",1,0,1764,37,69680,1,1272
"55833",1,0,2350,40,100232,1,2076
"55927",1,0,1720,34,53600,1,3064
"55928",0,0,2600,55,32160,0,1358
"55929",0,1,0,33,0,0,4491
"55964",1,0,2250,38,144720,1,365
"56042",1,0,2040,33,91120,1,1640
"56049",0,0,0,60,0,0,4983
"56119",1,0,3000,35,88440,1,2300
"56185",1,0,1960,50,160800,1,211
"56312",1,0,2400,47,128640,1,4744
"56342",0,0,2205,41,71020,1,560
"56358",1,1,2520,26,58890.3203125,1,237
"56360",0,0,2500,58,24120,1,557
"56423",1,0,2390,33,45560,1,58
"56502",1,0,1260,46,58960,1,3062
"56505",1,0,2360,25,64320,1,2274
"56511",1,1,1880,51,32160,1,4200
"56513",1,1,1980,34,42880,1,815
"56551",1,0,1600,50,17152,1,4917
"56556",1,0,2728,31,64320,1,968
"56562",1,0,2112,46,27872,1,3156
"56799",1,0,0,50,0,0,3529
"56849",1,0,1440,60,6003.2001953125,1,3289
"56876",1,0,2049,25,49044,1,527
"56922",1,0,208,25,1072,0,4795
"57052",1,0,2453,36,45560,1,3297
"57065",1,0,2130,58,64320,1,3462
"57085",1,0,1960,45,19296,1,5215
"57208",1,0,3040,44,40441.19921875,1,3269
"57211",1,0,2490,29,55208,1,459
"57251",0,0,2165,25,46096,1,3936
"57263",1,0,2970,36,93800,1,310
"57306",1,0,2000,34,51992,1,3199
"57311",1,0,2240,25,53600,1,4793
"57350",0,0,2352,45,106128,1,859
"57364",1,0,3184,31,96748,1,3820
"57366",1,0,2150,25,64320,1,3827
"57435",0,0,1230,57,88976,1,1971
"57489",1,0,2288,58,35611.83984375,1,2724
"57522",1,0,660,55,24656,0,2447
"57592",1,0,2673,37,50871.76171875,1,2283
"57606",1,0,2964,37,15008,1,4558
"57639",1,0,3000,29,88440,1,1920
"57696",1,0,2160,42,123280,1,486
"57732",0,0,0,41,0,0,4183
"57791",1,0,104,50,536,0,1493
"57797",1,0,1530,42,37520,1,1490
"57822",1,0,3326,34,74493.28125,1,241
"57828",0,0,1767,43,12864,1,971
"57859",1,0,2174,30,66464,1,3882
"57882",1,1,2910,44,33232,1,2757
"57904",1,0,1880,35,64320,1,4790
"57970",1,0,2340,28,53600,1,2490
"58040",1,0,2105,47,60032,1,4003
"58107",1,0,2500,59,64320,1,994
"58133",1,1,2040,26,42880,1,5116
"58162",1,0,3010,33,61666.80078125,1,5083
"58303",1,1,1870,26,32160,1,3232
"58354",1,0,2232,31,89897.921875,1,217
"58401",1,0,2000,29,40200,1,1460
"58423",1,0,2040,58,25095.51953125,1,2875
"58463",1,0,2904,27,85760,1,3366
"58474",1,0,2800,36,91120,1,1567
"58542",0,0,2040,51,31693.6796875,1,544
"58576",0,0,1237,53,36019.19921875,1,1781
"58579",1,0,2064,55,84688,1,2459
"58612",1,0,2277,25,29480,1,3047
"58664",0,0,992,36,6164,1,2554
"58710",1,1,304,26,6689.27978515625,1,391
"58804",1,0,2430,26,42880,1,1819
"58819",0,1,1464,40,14472,1,2436
"58872",1,0,2500,25,21440,1,97
"58924",1,0,2138,34,41808,1,3175
"58929",0,0,1215,56,11202.400390625,1,2065
"58932",1,0,2500,50,268000,1,640
"59019",1,0,2500,49,75040,1,3179
"59056",1,0,2511,43,69680,1,2612
"59176",0,0,1720,55,64320,1,1274
"59198",1,0,4310,45,115240,1,2878
"59258",1,0,1743,42,61640,1,4802
"59291",1,0,2000,29,24656,1,5057
"59321",1,0,1984,59,26210.400390625,1,43
"59342",0,1,1920,40,11792,0,2851
"59417",1,0,2000,26,42880,1,3839
"59445",1,1,2230,31,53600,1,3938
"59468",1,0,2187,34,90048,1,1500
"59479",1,0,1604,47,18760,1,389
"59529",1,0,2400,47,61640,1,973
"59590",0,0,1872,53,13936,1,3404
"59652",0,1,0,51,0,0,2055
"59681",0,0,2400,30,31892,1,3690
"59717",0,0,2000,51,29480,1,163
"59741",0,0,1200,33,56280,1,4066
"59758",1,0,2100,25,61640,1,2050
"59774",1,0,1040,51,30284,0,3092
"59795",1,0,1232,25,27657.599609375,1,2932
"59809",1,0,2304,44,32160,1,3296
"59811",1,0,2214,30,85760,1,4457
"59896",1,0,2400,51,63516,1,64
"59907",1,0,750,31,21976,1,2200
"59970",1,0,3475,35,58960,1,2354
"60031",1,0,2200,31,34170,1,1790
"60072",0,0,0,51,0,0,2199
"60080",1,0,3770,32,96480,1,4950
"60091",1,0,1380,29,69680,1,4551
"60102",1,0,2040,25,37520,1,987
"60125",1,1,655,25,6566,1,1621
"60224",0,0,1652,26,16149.6796875,1,4016
"60302",1,1,1600,25,13400,1,520
"60325",1,0,2580,26,42880,1,4564
"60337",0,0,1885,58,18760,1,4654
"60353",1,0,3079,50,53600,1,2505
"60445",0,0,1680,58,38592,0,3450
"60490",1,0,1040,25,15715.51953125,1,3076
"60494",1,0,2040,33,134000,1,3747
"60497",1,0,2256,54,107200,1,1334
"60530",1,0,2023,34,107200,1,1522
"60539",1,0,4250,29,58960,1,5017
"60555",1,0,2080,58,28944,1,5179
"60589",1,0,1710,55,34025.28125,1,2895
"60600",1,0,1300,59,38324,1,450
"60601",1,0,2277,40,66464,1,2588
"60692",1,0,2080,25,75040,1,96
"60700",0,0,2482,39,54672,1,1213
"60722",1,0,1960,39,50920,1,3196
"60763",1,0,2082,36,123280,1,3216
"60825",1,0,2424,27,50920,1,3574
"60833",0,0,2200,26,48776,1,3723
"60859",1,0,1440,28,16080,0,56
"60876",1,0,2180,32,30873.599609375,1,364
"60907",1,0,2490,28,85760,1,1730
"61069",1,1,2600,41,18760,1,3054
"61076",1,0,1368,58,192960,1,3740
"61166",1,0,2014,29,56816,1,2080
"61274",1,0,2006,49,67000,1,2148
"61394",0,0,2500,60,64320,1,1556
"61408",1,0,3500,46,54136,1,2880
"61423",1,0,1960,50,34840,1,194
"61426",1,0,2540,33,104520,1,5016
"61456",1,0,2014,28,48872.48046875,1,4087
"61533",1,0,1944,44,47468.16015625,1,1891
"61612",1,0,1884,60,107200,1,3213
"61619",1,0,1960,52,27705.83984375,1,1870
"61623",1,0,2376,25,76594.3984375,1,4686
"61625",0,0,2510,48,36860.71875,1,1778
"61685",1,0,2640,27,21976,1,78
"61688",1,0,2496,49,14729.2802734375,1,942
"61697",1,0,3120,33,51241.6015625,1,53
"61704",0,1,2040,45,17152,1,2787
"61752",1,0,1500,54,11620.48046875,0,4804
"61814",1,0,3270,36,155440,1,394
"61867",1,0,2016,44,139360,1,2872
"61994",1,0,1960,28,46766,1,3728
"62108",1,0,3000,30,73432,1,2127
"62112",1,0,2573,46,69680,1,1631
"62133",1,0,1980,32,42880,1,3507
"62253",1,1,2412,46,75040,1,729
"62262",1,0,2077,48,70216,1,148
"62380",1,0,2080,57,43952,1,3915
"62530",1,0,4325,29,8924.400390625,1,1488
"62623",1,0,2052,41,67000,1,2350
"62715",1,0,1960,47,80400,1,1572
"62757",0,1,1715,58,22512,1,1279
"62771",1,0,2357,47,40200,1,3657
"62779",1,0,1950,55,66254.9609375,1,3303
"62802",1,0,3120,47,32481.599609375,1,4501
"62814",1,0,1118,30,21440,1,1465
"62961",1,0,2145,33,24120,1,5216
"63082",1,0,2268,27,64320,1,1914
"63153",1,0,2490,39,50920,1,2309
"63171",1,0,1708,25,11256,1,1923
"63308",1,0,2000,38,37520,1,1711
"63370",1,0,2304,45,43952,1,4669
"63386",1,0,1960,32,43416,1,189
"63387",1,0,2650,43,72896,1,1087
"63429",1,0,1984,33,38811.76171875,1,1211
"63497",1,0,2120,26,66571.203125,1,472
"63506",1,0,3144,28,51992,1,4413
"63538",1,0,1920,59,25192,1,3916
"63600",0,0,2080,58,38056,1,2669
"63620",1,0,2629,40,91120,1,1553
"63789",1,0,1880,46,63784,1,2654
"63804",1,0,3090,26,107200,1,3666
"63811",1,0,3360,57,116204.796875,1,3816
"63855",1,0,2000,34,27872,1,2163
"63961",0,0,915,57,9085.2001953125,1,4770
"63980",1,0,2491,28,63248,1,4566
"64097",1,0,2004,41,91120,1,1706
"64181",0,0,1769,59,20368,1,1643
"64206",1,0,600,25,13400,1,3672
"64208",1,0,1260,29,33768,1,3444
"64238",1,0,2651,28,20834.3203125,1,3805
"64277",1,0,1845,28,53600,1,3254
"64337",1,0,2750,50,120600,1,2404
"64343",1,0,2000,49,71673.921875,1,2549
"64350",1,0,3672,35,25920.9609375,1,2007
"64396",0,1,2058,29,17152,1,5049
"64484",1,0,3406,38,46063.83984375,1,4956
"64501",1,0,2632,46,53600,1,1312
"64536",1,0,2538,53,25192,1,462
"64674",0,0,420,32,3199.919921875,0,2780
"64769",0,0,1920,33,5574.39990234375,1,1420
"64794",1,0,3600,49,58960,1,820
"64818",1,0,2128,48,51456,1,854
"64841",0,0,1768,48,13223.1201171875,1,2759
"64850",0,1,1960,46,35236.640625,1,827
"64933",1,0,1888,50,80137.359375,1,2609
"64988",1,0,2128,32,68608,1,1864
"65034",1,1,2060,57,67536,1,398
"65226",1,0,2425,47,169778,1,3778
"65260",1,0,0,55,0,0,275
"65271",0,0,2000,60,42880,1,743
"65299",1,0,1600,30,34840,1,4307
"65337",1,1,1960,35,42880,1,477
"65364",1,0,2430,34,53064,1,1295
"65435",1,0,3066,26,24120,1,962
"65466",1,0,2961,47,70752,1,3697
"65477",1,0,3120,46,179560,1,3173
"65566",1,0,2256,32,74262.796875,1,220
"65575",1,0,1175,29,27754.080078125,1,692
"65592",0,0,273,53,2304.80004882812,1,1605
"65599",1,0,2418,59,5360,1,1210
"65627",1,0,630,26,16080,1,285
"65687",1,0,2627,58,76112,1,1808
"65751",1,1,2450,43,48240,1,1537
"65796",1,0,2360,38,57276.9609375,1,2561
"65797",1,0,2025,50,235840,1,4883
"65922",1,0,2272,29,43201.6015625,1,510
"65953",1,0,3640,25,48240,1,3647
"66132",1,1,1632,57,16187.2001953125,1,4409
"66164",0,0,2520,52,29587.19921875,1,1477
"66290",1,0,1580,25,48240,1,1890
"66390",1,0,2240,35,79328,1,2366
"66471",1,0,865,28,26800,1,4108
"66514",1,0,2016,44,131320,1,2083
"66564",1,0,1970,56,68608,1,543
"66574",1,0,2895,58,34840,1,1674
"66593",1,0,2000,50,64320,1,2027
"66642",0,0,160,41,2680,1,1510
"66762",1,0,2000,33,33232,1,2599
"66817",1,0,1976,37,33768,1,120
"66926",0,0,3600,56,25728,1,1119
"66932",1,0,1948,36,58960,1,2411
"66981",1,0,2450,51,170180,1,3777
"66989",0,0,0,33,0,1,3909
"67002",1,0,2080,45,30552,1,1627
"67052",1,0,2520,28,85760,1,4017
"67064",1,0,2500,47,134000,1,2776
"67136",1,0,2600,42,75040,1,2763
"67137",1,0,1960,51,51724,1,1247
"67190",1,0,2728,44,171520,1,1339
"67242",1,0,2550,45,80400,1,2176
"67388",1,0,1965,42,64320,1,3038
"67419",0,0,1988,34,33768,1,3195
"67422",1,0,2520,50,114168,1,4120
"67431",1,0,2500,48,79864,1,4393
"67567",1,0,2502,55,70484,1,1003
"67622",1,0,1808,48,62444,1,1214
"67651",0,0,2156,31,31570.400390625,1,3240
"67678",0,0,0,54,0,0,3464
"67720",0,0,1540,58,31463.19921875,0,4557
"67739",0,1,1560,25,5440.39990234375,1,180
"67780",1,0,2169,37,49392.3984375,1,1205
"67809",1,0,1780,45,65043.6015625,1,4685
"67840",1,0,2223,46,96480,1,152
"67924",1,0,1880,44,68624.078125,1,4475
"67945",1,0,3000,58,0,1,1084
"67975",1,0,2400,31,29212,1,4058
"68019",1,0,2188,31,32160,1,2033
"68042",0,0,1265,46,15002.6396484375,1,2747
"68072",1,1,1875,44,55208,1,2211
"68081",0,0,1800,58,33703.6796875,1,67
"68099",1,0,1920,51,112560,1,1180
"68129",1,0,2550,35,42880,1,125
"68162",1,0,2350,32,34304,1,697
"68173",0,0,1960,59,27518.240234375,1,18
"68247",1,0,3187,51,40360.80078125,1,95
"68255",1,0,480,47,62980,1,2948
"68274",1,0,1620,26,19296,1,3991
"68451",0,0,2000,51,27759.439453125,1,81
"68484",1,0,2090,49,36153.19921875,1,699
"68580",1,0,1960,51,85760,1,4967
"68635",1,0,4000,49,53600,1,2374
"68728",1,0,2750,38,91120,1,3215
"68737",1,1,2160,53,46573.0390625,1,3393
"68793",1,0,2500,37,21440,1,4077
"68811",0,0,1968,35,45560,1,1108
"68820",1,0,2244,52,34791.76171875,1,2748
"68855",1,1,2000,28,64320,1,5127
"68950",1,1,2000,38,27250.240234375,1,1963
"68986",0,0,2000,30,50384,1,1713
"69000",1,0,2186,49,53600,1,3483
"69019",1,0,2860,35,85760,1,4548
"69063",1,0,2080,38,53600,1,3095
"69128",1,0,2893,51,56280,1,1555
"69136",1,0,0,40,0,0,4161
"69163",1,0,2542,29,69680,1,1297
"69278",1,0,3570,32,38270.3984375,1,5175
"69288",0,0,1428,31,61640,1,1653
"69361",1,0,1464,44,19296,1,4414
"69410",1,0,2256,39,67804,1,2504
"69428",1,0,2000,46,60332.16015625,1,1574
"69439",1,0,0,27,0,0,4964
"69569",1,0,2080,48,75040,1,4543
"69710",0,1,2499,25,21440,1,5000
"69783",0,0,0,45,0,1,1682
"69871",1,0,2500,42,101840,1,1564
"69876",1,0,4576,32,52463.6796875,1,2635
"69883",1,0,2215,52,27228.80078125,1,1487
"69898",1,0,2375,40,73432,1,1009
"69923",1,0,2162,56,48240,1,2712
"69946",1,0,2550,25,71154,1,731
"69994",1,0,2588,31,65392,1,92
"70034",1,0,3193,40,14675.6796875,1,3026
"70049",1,0,4915,37,67536,1,4025
"70050",0,0,1968,40,30101.759765625,1,1096
"70067",1,0,3360,35,120600,1,2347
"70099",1,0,2496,40,91120,1,320
"70110",1,0,2011,26,33232,1,4187
"70167",0,0,760,44,18652.80078125,0,1397
"70258",0,0,1500,29,20368,1,1691
"70322",1,0,1920,25,16080,1,367
"70344",1,0,1800,47,56280,1,2460
"70413",1,0,2156,53,75040,1,1441
"70462",0,1,1520,44,23048,0,1331
"70488",1,0,2360,55,57352,1,2320
"70521",0,0,3720,43,38093.51953125,1,111
"70545",1,0,0,56,0,0,3848
"70555",1,0,2090,26,26800,1,4452
"70588",0,0,1904,59,20582.400390625,1,2618
"70652",1,0,1900,43,108272,1,1571
"70678",1,0,2402,26,32160,1,2362
"70718",1,0,2250,46,43416,1,2807
"70755",1,0,2448,43,86832,1,575
"70826",1,0,2430,51,49269.12109375,1,4439
"70861",1,0,2295,27,87368,1,646
"70868",1,0,1210,25,21440,1,2741
"70929",1,1,2306,28,53600,1,4129
"70931",1,0,1500,31,26800,0,4552
"70967",1,0,1600,30,32160,0,417
"70986",1,0,1755,51,59217.28125,0,3205
"71035",0,0,1530,35,16080,1,2245
"71096",1,0,3270,34,53600,1,5189
"71100",1,0,3715,34,51348.80078125,1,3405
"71106",1,0,2448,28,58692,1,3583
"71118",1,0,3302,25,37520,1,1474
"71147",1,0,2499,37,69680,1,4081
"71153",1,0,1800,47,37520,1,4404
"71166",0,0,1610,28,26783.919921875,1,781
"71191",1,0,1774,28,54136,1,352
"71206",0,0,1897,30,27764.80078125,1,1497
"71222",1,0,1980,35,30761.0390625,1,3984
"71238",1,0,2180,30,53600,1,118
"71421",0,0,242,51,2830.080078125,1,877
"71426",0,1,1880,51,20057.119140625,1,3988
"71478",1,1,2129,44,24254,1,632
"71532",1,0,1920,42,58960,1,3564
"71583",1,0,4032,36,44166.3984375,1,3251
"71609",0,0,0,52,0,0,121
"71636",1,0,1700,47,69680,1,4600
"71684",1,0,2068,49,60032,1,1217
"71770",1,0,2612,30,58960,1,4331
"71786",0,0,960,25,4824,1,4438
"71802",1,0,2000,50,30659.19921875,0,3442
"71813",1,0,2550,52,61420.23828125,1,455
"71860",0,0,1880,52,40200,1,441
"71919",1,0,2008,50,85760,1,2382
"71941",1,0,2284,49,64320,1,2619
"71953",1,1,2207,38,23535.759765625,1,3670
"71976",1,0,2890,29,51992,1,3868
"71993",1,0,2000,33,58960,1,2062
"72019",1,0,2180,35,25406.400390625,1,1505
"72032",1,0,2563,52,43952,1,3632
"72056",1,0,2234,35,112560,1,1053
"72109",1,0,2056,33,27748.720703125,1,3879
"72169",1,0,2040,56,53600,1,960
"72173",0,0,3150,25,32160,1,2632
"72180",1,0,5120,42,128640,1,3876
"72202",1,0,2450,29,88440,1,2828
"72217",1,0,2720,32,57888,1,3472
"72246",1,0,2180,38,69680,1,62
"72324",1,0,3500,51,73968,1,978
"72365",1,0,1912,52,46096,1,443
"72405",0,0,0,43,0,1,1659
"72489",0,0,1920,56,35376,1,2871
"72498",1,0,1900,31,40736,1,954
"72685",0,0,1960,50,24120,1,3051
"72701",1,0,3086,57,28944,1,1629
"72734",1,0,4083,39,54527.28125,1,2798
"72755",1,1,2228,36,64320,1,2545
"72763",1,0,2650,32,88440,1,2788
"72826",1,0,1896,25,72360,1,2470
"72868",0,1,1920,53,29480,1,1021
"72870",0,0,2275,53,34304,1,4690
"72920",1,0,1895,50,75040,1,812
"73019",0,1,2210,45,54103.83984375,1,2053
"73144",1,0,2138,38,107736,1,1100
"73162",0,1,1000,55,3859.19995117188,0,3877
"73195",1,0,2150,38,42880,1,185
"73230",1,0,1922,43,47704,1,2191
"73287",1,0,2000,51,35424.23828125,1,2936
"73320",1,0,1960,56,68608,1,4757
"73370",1,0,1800,53,45560,1,2147
"73423",1,0,720,58,9969.599609375,0,3392
"73521",1,0,1936,42,32160,1,2998
"73583",1,0,1872,30,5477.919921875,0,2592
"73612",1,0,1948,41,54350.3984375,1,2231
"73622",1,0,2300,35,43678.640625,1,863
"73677",1,0,0,47,0,0,1194
"73681",1,0,1920,52,80400,1,1999
"73790",1,0,1660,26,42880,1,2319
"73879",1,0,2055,26,27872,1,3568
"73883",0,0,1969,58,22512,1,1989
"73938",1,0,640,29,20100,1,2177
"73990",1,0,1968,40,45560,1,1416
"74000",1,0,2000,60,77720,1,3413
"74078",1,0,2000,29,45560,1,1072
"74086",1,0,2232,43,93800,1,4014
"74092",1,0,1575,34,83080,1,5
"74103",1,0,2160,40,58960,1,1271
"74115",1,0,2000,29,46632,1,5201
"74160",1,0,2700,31,64320,1,967
"74176",1,0,1800,47,152224,1,1398
"74220",1,0,2160,44,48240,1,1635
"74240",1,0,2115,51,75040,1,951
"74264",1,0,2640,31,12864,1,4227
"74273",0,0,1823,38,41255.921875,1,3374
"74318",1,0,2318,43,72360,1,1054
"74320",1,0,1302,51,8576,1,4396
"74361",1,0,1260,39,20904,1,4586
"74377",1,0,3000,50,109612,1,1095
